{"branches": 27.710843373493976, "coverage": 55.704445835942394}