{"branches": 6.806282722513089, "coverage": 18.966465090709182}