{"branches": 14.130434782608695, "coverage": 45.154639175257735}