{"branches": 1.9230769230769231, "coverage": 8.288707799767172}