{"branches": 27.710843373493976, "coverage": 55.62226391494684}