{"branches": 1.932367149758454, "coverage": 8.82179675994109}