{"branches": 7.920792079207921, "coverage": 29.216757741347905}