{"branches": 27.03252032520325, "coverage": 55.250282273240494}